patch,camera_x,camera_y,camera_z,vertical_fov,orthographic,orthographic_size,viewport_height,target_pixels,surface_triangles,samples,max_error_world,rms_error_world,snapshot_proxy_pixels,diagnostic_elapsed_ms,world_seed,world_scale,height_multiplier,sample_scale,mountain_coverage,water_level,dense_sampling,camera_rotation_x,camera_rotation_y,camera_rotation_z,camera_rotation_w,projected_pixels,on_screen_samples,camera_aspect
FarPatch_4_2_-1,-0.238398835,16.195467,-0.122347556,60,False,5,2160,2,32768,131072,0.261375427,0.0235145614,1.59034383,77.208,145678,0.3,200,600,1.3,0.23999998,False,0.0582319163,0.685379,-0.0551441275,0.723756731,1.2245239,131072,1.77777779
FarPatch_4_2_0,-0.238398835,16.195467,-0.122347556,60,False,5,2160,2,32768,131072,0.165206909,0.0162181817,1.00520444,76.555,145678,0.3,200,600,1.3,0.23999998,False,0.0582319163,0.685379,-0.0551441275,0.723756731,0.9098585,131072,1.77777779
FarPatch_4_2_-2,-0.238398835,16.195467,-0.122347556,60,False,5,2160,2,32768,131072,0.210250854,0.0172307771,1.1445781,77.941,145678,0.3,200,600,1.3,0.23999998,False,0.0582319163,0.685379,-0.0551441275,0.723756731,0.9834924,128287,1.77777779
FarPatch_4_1_2,-0.238398835,16.195467,-0.122347556,60,False,5,2160,2,15094,60376,0.206438065,0.0167351533,1.12363374,46.296,145678,0.3,200,600,1.3,0.23999998,False,0.0582319163,0.685379,-0.0551441275,0.723756731,0.543626249,3422,1.77777779
FarPatch_4_2_1,-0.238398835,16.195467,-0.122347556,60,False,5,2160,2,32768,131072,0.2905388,0.0181417484,1.58111227,73.886,145678,0.3,200,600,1.3,0.23999998,False,0.0582319163,0.685379,-0.0551441275,0.723756731,1.58998692,131072,1.77777779
FarPatch_4_2_-3,-0.238398835,16.195467,-0.122347556,60,False,5,2160,2,27000,108000,0.4568634,0.0278424788,1.96654367,57.047,145678,0.3,200,600,1.3,0.23999998,False,0.0582319163,0.685379,-0.0551441275,0.723756731,0.877905369,32192,1.77777779
FarPatch_4_2_2,-0.238398835,16.195467,-0.122347556,60,False,5,2160,2,27000,108000,0.108802795,0.0102829263,0.467999458,58.637,145678,0.3,200,600,1.3,0.23999998,False,0.0582319163,0.685379,-0.0551441275,0.723756731,0.5088533,74432,1.77777779
FarPatch_4_3_-1,-0.238398835,16.195467,-0.122347556,60,False,5,2160,2,27000,108000,0.3098755,0.02094855,1.24681044,59.819,145678,0.3,200,600,1.3,0.23999998,False,0.0582319163,0.685379,-0.0551441275,0.723756731,1.08262408,108000,1.77777779
FarPatch_4_3_0,-0.238398835,16.195467,-0.122347556,60,False,5,2160,2,21048,84192,0.272796631,0.0227978565,1.09671414,48.730,145678,0.3,200,600,1.3,0.23999998,False,0.0582319163,0.685379,-0.0551441275,0.723756731,0.9390738,84192,1.77777779
FarPatch_4_3_1,-0.238398835,16.195467,-0.122347556,60,False,5,2160,2,32768,131072,0.293258667,0.0178574845,1.12420094,74.597,145678,0.3,200,600,1.3,0.23999998,False,0.0582319163,0.685379,-0.0551441275,0.723756731,1.18736589,131072,1.77777779
FarPatch_4_3_-2,-0.238398835,16.195467,-0.122347556,60,False,5,2160,2,32768,131072,0.3403778,0.0279052835,1.299573,75.165,145678,0.3,200,600,1.3,0.23999998,False,0.0582319163,0.685379,-0.0551441275,0.723756731,1.45270324,131072,1.77777779
FarPatch_4_2_3,-0.238398835,16.195467,-0.122347556,60,False,5,2160,2,8952,35808,0.391876221,0.0468107238,1.32224655,21.587,145678,0.3,200,600,1.3,0.23999998,False,0.0582319163,0.685379,-0.0551441275,0.723756731,0.704658866,1950,1.77777779
FarPatch_4_3_2,-0.238398835,16.195467,-0.122347556,60,False,5,2160,2,32768,131072,0.279808044,0.0257392749,0.942311645,73.855,145678,0.3,200,600,1.3,0.23999998,False,0.0582319163,0.685379,-0.0551441275,0.723756731,1.07342255,131072,1.77777779
FarPatch_4_3_-3,-0.238398835,16.195467,-0.122347556,60,False,5,2160,2,27000,108000,0.327728271,0.0206055287,1.0952028,60.501,145678,0.3,200,600,1.3,0.23999998,False,0.0582319163,0.685379,-0.0551441275,0.723756731,1.19455731,97208,1.77777779
FarPatch_8_2_0,-0.238398835,16.195467,-0.122347556,60,False,5,2160,2,31310,125240,0.4799652,0.0275055766,1.43845069,72.023,145678,0.3,200,600,1.3,0.23999998,False,0.0582319163,0.685379,-0.0551441275,0.723756731,1.17715788,125240,1.77777779
FarPatch_8_2_-1,-0.238398835,16.195467,-0.122347556,60,False,5,2160,2,57734,230936,0.5478058,0.0311874263,1.64028192,128.390,145678,0.3,200,600,1.3,0.23999998,False,0.0582319163,0.685379,-0.0551441275,0.723756731,1.44013846,230936,1.77777779
FarPatch_4_3_3,-0.238398835,16.195467,-0.122347556,60,False,5,2160,2,15094,60376,0.318229675,0.0215599034,0.910773456,34.196,145678,0.3,200,600,1.3,0.23999998,False,0.0582319163,0.685379,-0.0551441275,0.723756731,1.20561886,32526,1.77777779
FarPatch_4_3_-4,-0.238398835,16.195467,-0.122347556,60,False,5,2160,2,15094,60376,0.3098755,0.0255869478,0.877055,34.962,145678,0.3,200,600,1.3,0.23999998,False,0.0582319163,0.685379,-0.0551441275,0.723756731,0.9303897,4874,1.77777779
FarPatch_8_1_2,-0.238398835,16.195467,-0.122347556,60,False,5,2160,2,11124,44496,2.25367737,0.202768967,6.12586451,25.625,145678,0.3,200,600,1.3,0.23999998,False,0.0582319163,0.685379,-0.0551441275,0.723756731,0.398179263,2358,1.77777779
FarPatch_8_2_1,-0.238398835,16.195467,-0.122347556,60,False,5,2160,2,42566,170264,0.4356842,0.0281262677,1.16778123,96.751,145678,0.3,200,600,1.3,0.23999998,False,0.0582319163,0.685379,-0.0551441275,0.723756731,1.12357748,170264,1.77777779
FarPatch_8_2_-2,-0.238398835,16.195467,-0.122347556,60,False,5,2160,2,45380,181520,0.468887329,0.03517309,1.24636734,99.053,145678,0.3,200,600,1.3,0.23999998,False,0.0582319163,0.685379,-0.0551441275,0.723756731,1.146568,175334,1.77777779
FarPatch_8_2_-3,-0.238398835,16.195467,-0.122347556,60,False,5,2160,2,31342,125368,1.298523,0.0619797558,2.76527572,67.622,145678,0.3,200,600,1.3,0.23999998,False,0.0582319163,0.685379,-0.0551441275,0.723756731,0.752478659,77882,1.77777779
FarPatch_8_2_2,-0.238398835,16.195467,-0.122347556,60,False,5,2160,2,42350,169400,3.025116,0.06554773,6.438928,93.867,145678,0.3,200,600,1.3,0.23999998,False,0.0582319163,0.685379,-0.0551441275,0.723756731,1.22278655,122937,1.77777779
FarPatch_8_3_0,-0.238398835,16.195467,-0.122347556,60,False,5,2160,2,42220,168880,0.7219391,0.04397506,1.45358014,98.576,145678,0.3,200,600,1.3,0.23999998,False,0.0582319163,0.685379,-0.0551441275,0.723756731,1.30639648,168880,1.77777779
FarPatch_8_3_-1,-0.238398835,16.195467,-0.122347556,60,False,5,2160,2,45382,181528,0.6291809,0.04737668,1.2561574,103.831,145678,0.3,200,600,1.3,0.23999998,False,0.0582319163,0.685379,-0.0551441275,0.723756731,1.38554156,181528,1.77777779
FarPatch_8_3_1,-0.238398835,16.195467,-0.122347556,60,False,5,2160,2,19208,76832,0.677749634,0.0549398959,1.30019319,46.128,145678,0.3,200,600,1.3,0.23999998,False,0.0582319163,0.685379,-0.0551441275,0.723756731,1.22982848,76832,1.77777779
FarPatch_8_3_-2,-0.238398835,16.195467,-0.122347556,60,False,5,2160,2,59056,236224,0.6919861,0.059878096,1.29950774,128.977,145678,0.3,200,600,1.3,0.23999998,False,0.0582319163,0.685379,-0.0551441275,0.723756731,1.43847847,236224,1.77777779
FarPatch_8_3_2,-0.238398835,16.195467,-0.122347556,60,False,5,2160,2,37988,151952,0.7331543,0.0556710623,1.23336542,86.637,145678,0.3,200,600,1.3,0.23999998,False,0.0582319163,0.685379,-0.0551441275,0.723756731,1.31539762,151952,1.77777779
FarPatch_8_3_-3,-0.238398835,16.195467,-0.122347556,60,False,5,2160,2,56268,225072,0.753570557,0.04434748,1.24506772,125.098,145678,0.3,200,600,1.3,0.23999998,False,0.0582319163,0.685379,-0.0551441275,0.723756731,1.40899575,205856,1.77777779
FarPatch_8_2_3,-0.238398835,16.195467,-0.122347556,60,False,5,2160,2,17142,68568,2.38635254,0.134505242,3.93529582,37.223,145678,0.3,200,600,1.3,0.23999998,False,0.0582319163,0.685379,-0.0551441275,0.723756731,0.52771,12784,1.77777779
FarPatch_16_2_0,-0.238398835,16.195467,-0.122347556,60,False,5,2160,2,40904,163616,1.406311,0.103968821,2.13791,99.712,145678,0.3,200,600,1.3,0.23999998,False,0.0582319163,0.685379,-0.0551441275,0.723756731,1.49778044,163616,1.77777779
FarPatch_16_2_-1,-0.238398835,16.195467,-0.122347556,60,False,5,2160,2,57090,228360,3.13220215,0.15108268,4.735134,128.624,145678,0.3,200,600,1.3,0.23999998,False,0.0582319163,0.685379,-0.0551441275,0.723756731,3.815125,228360,1.77777779
FarPatch_8_3_3,-0.238398835,16.195467,-0.122347556,60,False,5,2160,2,57960,231840,1.24258423,0.0672692657,1.77550781,126.165,145678,0.3,200,600,1.3,0.23999998,False,0.0582319163,0.685379,-0.0551441275,0.723756731,1.47559106,201476,1.77777779
FarPatch_8_3_-4,-0.238398835,16.195467,-0.122347556,60,False,5,2160,2,14476,57904,1.78918457,0.127818882,2.55018044,32.116,145678,0.3,200,600,1.3,0.23999998,False,0.0582319163,0.685379,-0.0551441275,0.723756731,1.04689014,9782,1.77777779
FarPatch_16_2_1,-0.238398835,16.195467,-0.122347556,60,False,5,2160,2,48214,192856,1.246376,0.09943502,1.69658422,110.172,145678,0.3,200,600,1.3,0.23999998,False,0.0582319163,0.685379,-0.0551441275,0.723756731,1.43953741,192856,1.77777779
FarPatch_16_2_-2,-0.238398835,16.195467,-0.122347556,60,False,5,2160,2,57100,228400,2.41157532,0.17147778,3.26280761,127.755,145678,0.3,200,600,1.3,0.23999998,False,0.0582319163,0.685379,-0.0551441275,0.723756731,2.921752,224599,1.77777779
FarPatch_16_1_2,-0.238398835,16.195467,-0.122347556,60,False,5,2160,2,10514,42056,19.9060059,1.21591783,26.81161,24.318,145678,0.3,200,600,1.3,0.23999998,False,0.0582319163,0.685379,-0.0551441275,0.723756731,0.94597894,9199,1.77777779
FarPatch_16_2_2,-0.238398835,16.195467,-0.122347556,60,False,5,2160,2,48950,195800,9.348801,0.238558754,10.0618925,109.065,145678,0.3,200,600,1.3,0.23999998,False,0.0582319163,0.685379,-0.0551441275,0.723756731,1.406628,180476,1.77777779
FarPatch_16_2_-3,-0.238398835,16.195467,-0.122347556,60,False,5,2160,2,17140,68560,4.824402,0.235618562,5.18681145,39.529,145678,0.3,200,600,1.3,0.23999998,False,0.0582319163,0.685379,-0.0551441275,0.723756731,1.52116764,50685,1.77777779
FarPatch_16_3_0,-0.238398835,16.195467,-0.122347556,60,False,5,2160,2,31036,124144,1.61978519,0.163902283,1.64366436,75.486,145678,0.3,200,600,1.3,0.23999998,False,0.0582319163,0.685379,-0.0551441275,0.723756731,1.45364022,124144,1.77777779
FarPatch_16_3_-1,-0.238398835,16.195467,-0.122347556,60,False,5,2160,2,47896,191584,1.79133987,0.148353964,1.81774819,103.670,145678,0.3,200,600,1.3,0.23999998,False,0.0582319163,0.685379,-0.0551441275,0.723756731,1.53269863,191584,1.77777779
FarPatch_16_3_-2,-0.238398835,16.195467,-0.122347556,60,False,5,2160,2,50434,201736,1.64586639,0.136232555,1.58447659,112.968,145678,0.3,200,600,1.3,0.23999998,False,0.0582319163,0.685379,-0.0551441275,0.723756731,1.48823,201736,1.77777779
FarPatch_16_3_1,-0.238398835,16.195467,-0.122347556,60,False,5,2160,2,22980,91920,1.708538,0.159756392,1.64474511,53.350,145678,0.3,200,600,1.3,0.23999998,False,0.0582319163,0.685379,-0.0551441275,0.723756731,1.474657,91920,1.77777779
FarPatch_16_3_-3,-0.238398835,16.195467,-0.122347556,60,False,5,2160,2,15126,60504,1.98024368,0.2027869,1.67207026,38.179,145678,0.3,200,600,1.3,0.23999998,False,0.0582319163,0.685379,-0.0551441275,0.723756731,1.61864936,58653,1.77777779
FarPatch_16_2_3,-0.238398835,16.195467,-0.122347556,60,False,5,2160,2,5726,22904,13.0032043,1.34998977,10.9790812,14.976,145678,0.3,200,600,1.3,0.23999998,False,0.0582319163,0.685379,-0.0551441275,0.723756731,1.21200728,5776,1.77777779
FarPatch_16_3_2,-0.238398835,16.195467,-0.122347556,60,False,5,2160,2,15242,60968,1.65484619,0.176502436,1.39722681,37.378,145678,0.3,200,600,1.3,0.23999998,False,0.0582319163,0.685379,-0.0551441275,0.723756731,1.41778648,60968,1.77777779
FarPatch_32_2_-1,-0.238398835,16.195467,-0.122347556,60,False,5,2160,2,38366,153464,2.69758129,0.224617913,2.05307865,88.765,145678,0.3,200,600,1.3,0.23999998,False,0.0582319163,0.685379,-0.0551441275,0.723756731,1.5544492,153464,1.77777779
FarPatch_32_2_0,-0.238398835,16.195467,-0.122347556,60,False,5,2160,2,32842,131368,2.38871956,0.29290995,1.81800985,78.475,145678,0.3,200,600,1.3,0.23999998,False,0.0582319163,0.685379,-0.0551441275,0.723756731,1.512679,131368,1.77777779
FarPatch_16_3_-4,-0.238398835,16.195467,-0.122347556,60,False,5,2160,2,7082,28328,5.708557,0.360876441,4.09641552,17.944,145678,0.3,200,600,1.3,0.23999998,False,0.0582319163,0.685379,-0.0551441275,0.723756731,1.50581825,11001,1.77777779
FarPatch_16_3_3,-0.238398835,16.195467,-0.122347556,60,False,5,2160,2,14646,58584,2.689827,0.206431225,1.9300952,36.218,145678,0.3,200,600,1.3,0.23999998,False,0.0582319163,0.685379,-0.0551441275,0.723756731,1.53896773,45262,1.77777779
FarPatch_32_2_-2,-0.238398835,16.195467,-0.122347556,60,False,5,2160,2,34296,137184,2.860767,0.2966338,1.94749165,82.347,145678,0.3,200,600,1.3,0.23999998,False,0.0582319163,0.685379,-0.0551441275,0.723756731,1.56742859,133606,1.77777779
FarPatch_32_1_2,-0.238398835,16.195467,-0.122347556,60,False,5,2160,2,13140,52560,15.0320892,1.3044678,10.2330093,30.408,145678,0.3,200,600,1.3,0.23999998,False,0.0582319163,0.685379,-0.0551441275,0.723756731,1.44170511,4328,1.77777779
FarPatch_32_2_1,-0.238398835,16.195467,-0.122347556,60,False,5,2160,2,32090,128360,2.74912119,0.276408881,1.87141323,75.596,145678,0.3,200,600,1.3,0.23999998,False,0.0582319163,0.685379,-0.0551441275,0.723756731,1.54325306,128360,1.77777779
FarPatch_32_2_-3,-0.238398835,16.195467,-0.122347556,60,False,5,2160,2,16506,66024,5.776558,0.492289454,3.10897374,39.287,145678,0.3,200,600,1.3,0.23999998,False,0.0582319163,0.685379,-0.0551441275,0.723756731,1.54211056,28523,1.77777779
FarPatch_32_2_2,-0.238398835,16.195467,-0.122347556,60,False,5,2160,2,17484,69936,6.69102859,0.442951024,3.60096741,40.619,145678,0.3,200,600,1.3,0.23999998,False,0.0582319163,0.685379,-0.0551441275,0.723756731,1.48238277,52833,1.77777779
FarPatch_32_3_-1,-0.238398835,16.195467,-0.122347556,60,False,5,2160,2,16570,66280,3.53170776,0.444582373,1.79200232,38.255,145678,0.3,200,600,1.3,0.23999998,False,0.0582319163,0.685379,-0.0551441275,0.723756731,1.55130184,66280,1.77777779
FarPatch_32_3_0,-0.238398835,16.195467,-0.122347556,60,False,5,2160,2,26392,105568,4.81807137,0.374932617,2.44470835,63.283,145678,0.3,200,600,1.3,0.23999998,False,0.0582319163,0.685379,-0.0551441275,0.723756731,2.05525041,105568,1.77777779
