view,patch,size_chunks,baseline_surface_triangles,candidate_surface_triangles,simplified_regions
meadow,FarPatch_4_2_-1,4,8192,7456,12
meadow,FarPatch_4_2_0,4,8192,7880,5
meadow,FarPatch_4_2_-2,4,8192,7144,17
meadow,FarPatch_4_1_2,4,8192,7008,16
meadow,FarPatch_4_2_1,4,8192,7632,10
meadow,FarPatch_4_2_-3,4,8192,7424,11
meadow,FarPatch_4_2_2,4,8192,5928,32
meadow,FarPatch_4_3_-1,4,8192,7088,18
meadow,FarPatch_4_3_0,4,8192,6664,25
meadow,FarPatch_4_3_1,4,8192,7912,5
meadow,FarPatch_4_3_-2,4,8192,8024,3
meadow,FarPatch_4_2_3,4,8192,6960,19
meadow,FarPatch_4_3_2,4,8192,8024,3
meadow,FarPatch_4_3_-3,4,8192,7576,11
meadow,FarPatch_8_2_0,8,8192,6384,27
meadow,FarPatch_8_2_-1,8,8192,7136,16
meadow,FarPatch_4_3_3,4,8192,5992,34
meadow,FarPatch_4_3_-4,4,8192,5056,41
meadow,FarPatch_8_1_2,8,8192,7944,3
meadow,FarPatch_8_2_1,8,8192,7008,20
meadow,FarPatch_8_2_-2,8,8192,7288,15
meadow,FarPatch_8_2_-3,8,8192,7880,5
meadow,FarPatch_8_2_2,8,8192,8192,0
meadow,FarPatch_8_3_0,8,8192,6800,19
meadow,FarPatch_8_3_-1,8,8192,7488,12
meadow,FarPatch_8_3_1,8,8192,7056,18
meadow,FarPatch_8_3_-2,8,8192,8192,0
meadow,FarPatch_8_3_2,8,8192,7256,15
meadow,FarPatch_8_3_-3,8,8192,8024,3
meadow,FarPatch_8_2_3,8,8192,7568,10
meadow,FarPatch_16_2_0,16,2048,2048,0
meadow,FarPatch_16_2_-1,16,2048,2048,0
meadow,FarPatch_8_3_3,8,8192,8136,1
meadow,FarPatch_8_3_-4,8,8192,7952,3
meadow,FarPatch_16_2_1,16,2048,2048,0
meadow,FarPatch_16_2_-2,16,2048,2048,0
meadow,FarPatch_16_1_2,16,2048,2048,0
meadow,FarPatch_16_2_2,16,2048,2048,0
meadow,FarPatch_16_2_-3,16,2048,2048,0
meadow,FarPatch_16_3_0,16,2048,2048,0
meadow,FarPatch_16_3_-1,16,2048,2048,0
meadow,FarPatch_16_3_-2,16,2048,2048,0
meadow,FarPatch_16_3_1,16,2048,2048,0
meadow,FarPatch_16_3_-3,16,2048,2048,0
meadow,FarPatch_16_2_3,16,2048,2048,0
meadow,FarPatch_16_3_2,16,2048,2048,0
meadow,FarPatch_32_2_-1,32,8192,8192,0
meadow,FarPatch_32_2_0,32,8192,8192,0
meadow,FarPatch_16_3_-4,16,2048,2048,0
meadow,FarPatch_16_3_3,16,2048,2048,0
meadow,FarPatch_32_2_-2,32,8192,8192,0
meadow,FarPatch_32_1_2,32,8192,8192,0
meadow,FarPatch_32_2_1,32,8192,8192,0
meadow,FarPatch_32_2_-3,32,8192,8136,1
meadow,FarPatch_32_2_2,32,8192,8192,0
meadow,FarPatch_32_3_-1,32,8192,8136,1
meadow,FarPatch_32_3_0,32,8192,8192,0
hill,FarPatch_4_2_-3,4,8192,7728,7
hill,FarPatch_4_0_1,4,8192,3176,59
hill,FarPatch_4_0_0,4,8192,4880,39
hill,FarPatch_4_0_-1,4,8192,3976,45
hill,FarPatch_4_0_2,4,8192,3312,59
hill,FarPatch_4_1_-3,4,8192,5248,38
hill,FarPatch_4_0_-2,4,8192,3888,49
hill,FarPatch_4_-1_1,4,8192,2976,58
hill,FarPatch_4_-1_0,4,8192,3672,49
hill,FarPatch_4_-1_-1,4,8192,3856,46
hill,FarPatch_4_0_-3,4,8192,4096,47
hill,FarPatch_4_-1_2,4,8192,4280,45
hill,FarPatch_4_1_-4,4,8192,7624,9
hill,FarPatch_4_-1_-2,4,8192,3000,56
hill,FarPatch_4_-1_3,4,8192,4576,42
hill,FarPatch_4_0_-4,4,8192,4352,45
hill,FarPatch_4_-1_-3,4,8192,2608,61
hill,FarPatch_4_-2_0,4,8192,3808,49
hill,FarPatch_4_-2_1,4,8192,3568,49
hill,FarPatch_4_-2_-1,4,8192,4088,47
hill,FarPatch_4_-2_2,4,8192,4784,42
hill,FarPatch_8_0_-3,8,8192,7424,13
hill,FarPatch_4_-2_-2,4,8192,4856,41
hill,FarPatch_4_-1_-4,4,8192,3416,53
hill,FarPatch_4_-2_3,4,8192,4128,46
hill,FarPatch_4_-2_-3,4,8192,3752,50
hill,FarPatch_8_-2_0,8,8192,4336,41
hill,FarPatch_8_-2_-1,8,8192,6168,29
hill,FarPatch_4_-2_4,4,8192,4936,39
hill,FarPatch_8_-2_1,8,8192,5552,33
hill,FarPatch_8_-1_-3,8,8192,6528,25
hill,FarPatch_4_-2_-4,4,8192,2464,61
hill,FarPatch_8_-2_-2,8,8192,6896,19
hill,FarPatch_8_-2_2,8,8192,5936,31
hill,FarPatch_8_0_-4,8,8192,7664,8
hill,FarPatch_8_-2_-3,8,8192,7184,15
hill,FarPatch_8_-1_-4,8,8192,5928,33
hill,FarPatch_8_-3_0,8,8192,5776,32
hill,FarPatch_8_-3_-1,8,8192,6512,24
hill,FarPatch_8_-3_1,8,8192,5592,32
hill,FarPatch_8_-3_-2,8,8192,6456,24
hill,FarPatch_8_-3_2,8,8192,5304,39
hill,FarPatch_8_-2_-4,8,8192,7504,10
hill,FarPatch_8_-3_-3,8,8192,5536,39
hill,FarPatch_8_-3_3,8,8192,5880,26
hill,FarPatch_16_-1_-3,16,2048,2048,0
hill,FarPatch_8_-4_0,8,8192,6712,23
hill,FarPatch_8_-4_-1,8,8192,6352,25
hill,FarPatch_8_-4_1,8,8192,5752,29
hill,FarPatch_8_-4_-2,8,8192,6336,27
hill,FarPatch_8_-3_-4,8,8192,6512,24
hill,FarPatch_8_-4_2,8,8192,6056,24
hill,FarPatch_8_-4_-3,8,8192,6728,19
hill,FarPatch_8_-4_3,8,8192,6416,22
hill,FarPatch_16_-2_-3,16,2048,2048,0
hill,FarPatch_16_-3_0,16,2048,2048,0
hill,FarPatch_16_-3_-1,16,2048,2048,0
hill,FarPatch_8_-4_-4,8,8192,5616,34
hill,FarPatch_16_-3_1,16,2048,2048,0
hill,FarPatch_16_-3_-2,16,2048,2048,0
hill,FarPatch_16_-1_-4,16,2048,2048,0
hill,FarPatch_16_-3_2,16,2048,2048,0
hill,FarPatch_16_-3_-3,16,2048,2048,0
hill,FarPatch_16_-2_-4,16,2048,2048,0
