view,mode,policy,target_additional_pixels,patches,simplified_patches,regions,simplified_regions,baseline_surface_triangles,candidate_surface_triangles,surface_saving_percent,baseline_triangles_with_skirts,candidate_triangles_with_skirts,total_triangle_saving_percent,max_additional_pixels_stress,max_normal_change_degrees
meadow,whole-patch,shape-only,0.5,57,0,57,0,368640,368640,0,393728,393728,0,0,0
meadow,whole-patch,shape-and-normal-5deg,0.5,57,0,57,0,368640,368640,0,393728,393728,0,0,0
meadow,whole-patch,shape-normal-shore,0.5,57,0,57,0,368640,368640,0,393728,393728,0,0,0
meadow,whole-patch,shape-only,1,57,0,57,0,368640,368640,0,393728,393728,0,0,0
meadow,whole-patch,shape-and-normal-5deg,1,57,0,57,0,368640,368640,0,393728,393728,0,0,0
meadow,whole-patch,shape-normal-shore,1,57,0,57,0,368640,368640,0,393728,393728,0,0,0
meadow,whole-patch,shape-only,2,57,0,57,0,368640,368640,0,393728,393728,0,0,0
meadow,whole-patch,shape-and-normal-5deg,2,57,0,57,0,368640,368640,0,393728,393728,0,0,0
meadow,whole-patch,shape-normal-shore,2,57,0,57,0,368640,368640,0,393728,393728,0,0,0
meadow,regions-8cells,shape-only,0.5,57,27,2880,175,368640,358016,2.8819444444444446,393728,383104,2.698309492847854,0.4997553,8.846604
meadow,regions-8cells,shape-and-normal-5deg,0.5,57,25,2880,162,368640,358808,2.6671006944444446,393728,383896,2.497155396618986,0.4997553,4.804098
meadow,regions-8cells,shape-normal-shore,0.5,57,24,2880,158,368640,359064,2.59765625,393728,384152,2.4321358907672304,0.4997553,4.804098
meadow,regions-8cells,shape-only,1,57,41,2880,573,368640,330544,10.33420138888889,393728,355632,9.67571521456437,0.9993597,12.053278
meadow,regions-8cells,shape-and-normal-5deg,1,57,38,2880,457,368640,338824,8.08810763888889,393728,363912,7.572740572171652,0.9993597,4.9828525
meadow,regions-8cells,shape-normal-shore,1,57,32,2880,431,368640,340456,7.645399305555555,393728,365544,7.15824122236671,0.99902457,4.9828525
meadow,regions-8cells,shape-only,2,57,44,2880,1316,368640,271056,26.471354166666668,393728,296144,24.78462288686606,1.9996771,22.201324
meadow,regions-8cells,shape-and-normal-5deg,2,57,41,2880,711,368640,318432,13.619791666666666,393728,343520,12.751950585175553,1.9956774,4.994887
meadow,regions-8cells,shape-normal-shore,2,57,35,2880,644,368640,322552,12.50217013888889,393728,347640,11.705542912873861,1.9956774,4.994887
meadow,regions-16cells,shape-only,0.5,57,7,720,11,368640,365008,0.9852430555555556,393728,390096,0.9224642392717816,0.4508902,4.5717034
meadow,regions-16cells,shape-and-normal-5deg,0.5,57,7,720,11,368640,365008,0.9852430555555556,393728,390096,0.9224642392717816,0.4508902,4.5717034
meadow,regions-16cells,shape-normal-shore,0.5,57,6,720,9,368640,365600,0.8246527777777778,393728,390688,0.7721066319895968,0.4508902,4.5717034
meadow,regions-16cells,shape-only,1,57,18,720,51,368640,352392,4.407552083333333,393728,377480,4.126706762028609,0.99673563,10.100626
meadow,regions-16cells,shape-and-normal-5deg,1,57,18,720,35,368640,357240,3.0924479166666665,393728,382328,2.8953998699609884,0.99673563,4.9713383
meadow,regions-16cells,shape-normal-shore,1,57,17,720,33,368640,358096,2.8602430555555554,393728,383184,2.6779908972691806,0.99673563,4.9713383
meadow,regions-16cells,shape-only,2,57,34,720,147,368640,319352,13.370225694444445,393728,344440,12.518286736020807,1.9956774,20.691425
meadow,regions-16cells,shape-and-normal-5deg,2,57,22,720,61,368640,348712,5.405815972222222,393728,373800,5.0613621586475945,1.8813612,4.9735084
meadow,regions-16cells,shape-normal-shore,2,57,21,720,59,368640,349600,5.164930555555555,393728,374688,4.835825747724317,1.8813612,4.9735084
hill,whole-patch,shape-only,0.5,64,1,64,1,462848,457080,1.2461974557522124,493056,487288,1.1698468328141225,0.456937,7.920478
hill,whole-patch,shape-and-normal-5deg,0.5,64,0,64,0,462848,462848,0,493056,493056,0,0,0
hill,whole-patch,shape-normal-shore,0.5,64,0,64,0,462848,462848,0,493056,493056,0,0,0
hill,whole-patch,shape-only,1,64,8,64,8,462848,416704,9.9695796460177,493056,446912,9.35877466251298,0.99415123,12.180743
hill,whole-patch,shape-and-normal-5deg,1,64,0,64,0,462848,462848,0,493056,493056,0,0,0
hill,whole-patch,shape-normal-shore,1,64,0,64,0,462848,462848,0,493056,493056,0,0,0
hill,whole-patch,shape-only,2,64,22,64,22,462848,329552,28.79908738938053,493056,359760,27.034657320872274,1.9651529,17.499601
hill,whole-patch,shape-and-normal-5deg,2,64,0,64,0,462848,462848,0,493056,493056,0,0,0
hill,whole-patch,shape-normal-shore,2,64,0,64,0,462848,462848,0,493056,493056,0,0,0
hill,regions-8cells,shape-only,0.5,64,54,3616,2005,462848,307320,33.6023921460177,493056,337528,31.54367860851506,0.49967766,10.039214
hill,regions-8cells,shape-and-normal-5deg,0.5,64,54,3616,1946,462848,312568,32.46854258849557,493056,342776,30.479296469366563,0.49967766,4.980231
hill,regions-8cells,shape-normal-shore,0.5,64,54,3616,1567,462848,340504,26.432867809734514,493056,370712,24.813408618899274,0.49967766,4.980231
hill,regions-8cells,shape-only,1,64,54,3616,2807,462848,226216,51.12520741150443,493056,256424,47.99292575285566,0.9999814,20.878576
hill,regions-8cells,shape-and-normal-5deg,1,64,54,3616,2494,462848,258464,44.1579092920354,493056,288672,41.452492211838006,0.9993507,4.996802
hill,regions-8cells,shape-normal-shore,1,64,54,3616,1931,462848,302184,34.712043694690266,493056,332392,32.58534527518172,0.9988349,4.996802
hill,regions-8cells,shape-only,2,64,59,3616,3213,462848,170424,63.179272676991154,493056,200632,59.30847611630322,1.9992946,27.830288
hill,regions-8cells,shape-and-normal-5deg,2,64,56,3616,2608,462848,242792,47.54390210176991,493056,273000,44.63103582554517,1.9741682,4.9992256
hill,regions-8cells,shape-normal-shore,2,64,55,3616,2015,462848,290144,37.3133296460177,493056,320352,35.02725856697819,1.9601347,4.9992256
hill,regions-16cells,shape-only,0.5,64,48,904,277,462848,365544,21.022884402654867,493056,395752,19.7348779854621,0.49835956,7.920478
hill,regions-16cells,shape-and-normal-5deg,0.5,64,48,904,265,462848,369920,20.077433628318584,493056,400128,18.847352024922117,0.49835956,4.9587035
hill,regions-16cells,shape-normal-shore,0.5,64,40,904,194,462848,393464,14.990666482300885,493056,423672,14.072235202492212,0.49835956,4.905404
hill,regions-16cells,shape-only,1,64,52,904,541,462848,266368,42.450221238938056,493056,296576,39.849428868120455,0.99808514,13.651136
hill,regions-16cells,shape-and-normal-5deg,1,64,52,904,422,462848,311120,32.78138827433628,493056,341328,30.77297507788162,0.99808514,4.976785
hill,regions-16cells,shape-normal-shore,1,64,47,904,269,462848,362568,21.665860066371682,493056,392776,20.33846053997923,0.99808514,4.975269
hill,regions-16cells,shape-only,2,64,54,904,723,462848,172840,62.657287057522126,493056,203048,58.818470924195225,1.9992946,24.774038
hill,regions-16cells,shape-and-normal-5deg,2,64,53,904,439,462848,299320,35.330821349557525,493056,329528,33.16621235721703,1.9968591,4.981629
hill,regions-16cells,shape-normal-shore,2,64,48,904,280,462848,354384,23.43404314159292,493056,384592,21.99831256490135,1.9968591,4.981629
