grid_resolution,region_x,region_z,min_world_x,min_world_z,region_width,on_screen_samples,above_target_samples,max_projected_pixels
33,0,0,1228.8,-614.4,76.8,0,0,0
33,1,0,1305.6001,-614.4,76.8,480,0,1.2638692
33,2,0,1382.4,-614.4,76.8,19244,472,4.0328927
33,3,0,1459.2001,-614.4,76.8,20608,7116,8.07359
33,4,0,1536,-614.4,76.8,20349,4610,5.552648
33,5,0,1612.8,-614.4,76.8,20867,2885,5.630763
33,6,0,1689.6001,-614.4,76.8,20608,4574,7.995142
33,7,0,1766.4001,-614.4,76.8,20478,69,2.4600077
33,0,1,1228.8,-537.60004,76.8,0,0,0
33,1,1,1305.6001,-537.60004,76.8,0,0,0
33,2,1,1382.4,-537.60004,76.8,12757,1472,3.9261448
33,3,1,1459.2001,-537.60004,76.8,20224,5023,5.1721144
33,4,1,1536,-537.60004,76.8,19974,4104,5.4756713
33,5,1,1612.8,-537.60004,76.8,20474,1237,3.3271182
33,6,1,1689.6001,-537.60004,76.8,20224,1409,4.478397
33,7,1,1766.4001,-537.60004,76.8,20099,4412,4.8740172
33,0,2,1228.8,-460.80002,76.8,0,0,0
33,1,2,1305.6001,-460.80002,76.8,637,355,3.204291
33,2,2,1382.4,-460.80002,76.8,16202,2135,4.341766
33,3,2,1459.2001,-460.80002,76.8,20480,7149,10.28337
33,4,2,1536,-460.80002,76.8,20224,7132,7.1020303
33,5,2,1612.8,-460.80002,76.8,20736,4074,4.636303
33,6,2,1689.6001,-460.80002,76.8,20480,6284,10.847256
33,7,2,1766.4001,-460.80002,76.8,20352,6604,7.853736
33,0,3,1228.8,-384,76.8,12028,9030,31.236912
33,1,3,1305.6001,-384,76.8,17268,8317,15.690328
33,2,3,1382.4,-384,76.8,20480,9645,13.787888
33,3,3,1459.2001,-384,76.8,20480,3817,9.0055275
33,4,3,1536,-384,76.8,20224,4933,9.250482
33,5,3,1612.8,-384,76.8,20736,725,3.7462163
33,6,3,1689.6001,-384,76.8,20480,3807,6.2044616
33,7,3,1766.4001,-384,76.8,20352,5941,8.221803
33,0,4,1228.8,-307.2,76.8,20608,13877,30.714754
33,1,4,1305.6001,-307.2,76.8,20480,14755,24.829992
33,2,4,1382.4,-307.2,76.8,20480,9986,15.729492
33,3,4,1459.2001,-307.2,76.8,20480,9642,9.3700285
33,4,4,1536,-307.2,76.8,20224,8795,8.767691
33,5,4,1612.8,-307.2,76.8,20736,3018,5.287081
33,6,4,1689.6001,-307.2,76.8,20480,5209,6.6640577
33,7,4,1766.4001,-307.2,76.8,20352,6550,7.504716
33,0,5,1228.8,-230.40002,76.8,20608,9313,12.3832655
33,1,5,1305.6001,-230.40002,76.8,20480,12171,15.892491
33,2,5,1382.4,-230.40002,76.8,20480,4664,6.551438
33,3,5,1459.2001,-230.40002,76.8,20480,3103,8.651886
33,4,5,1536,-230.40002,76.8,20224,2830,4.954728
33,5,5,1612.8,-230.40002,76.8,20736,1256,4.104363
33,6,5,1689.6001,-230.40002,76.8,20480,3401,5.2693806
33,7,5,1766.4001,-230.40002,76.8,20352,3256,6.7246337
33,0,6,1228.8,-153.6,76.8,20608,5077,12.924918
33,1,6,1305.6001,-153.6,76.8,20480,4388,6.1395583
33,2,6,1382.4,-153.6,76.8,20480,3293,5.9103174
33,3,6,1459.2001,-153.6,76.8,20480,2003,4.3161416
33,4,6,1536,-153.6,76.8,20224,3771,5.743416
33,5,6,1612.8,-153.6,76.8,20736,2026,3.8297682
33,6,6,1689.6001,-153.6,76.8,20480,791,2.9042592
33,7,6,1766.4001,-153.6,76.8,20352,5314,6.1863194
33,0,7,1228.8,-76.79999,76.8,20737,754,3.543221
33,1,7,1305.6001,-76.79999,76.8,20608,364,2.488143
33,2,7,1382.4,-76.79999,76.8,20608,2012,3.830179
33,3,7,1459.2001,-76.79999,76.8,20608,2179,6.122608
33,4,7,1536,-76.79999,76.8,20349,5083,8.159527
33,5,7,1612.8,-76.79999,76.8,20867,6613,8.207428
33,6,7,1689.6001,-76.79999,76.8,20608,6109,7.183586
33,7,7,1766.4001,-76.79999,76.8,20479,262,4.0072036
65,0,0,1228.8,-614.4,76.8,0,0,0
65,1,0,1305.6001,-614.4,76.8,480,0,0.43613502
65,2,0,1382.4,-614.4,76.8,19227,0,1.715128
65,3,0,1459.2001,-614.4,76.8,20608,992,3.523024
65,4,0,1536,-614.4,76.8,20349,598,3.48901
65,5,0,1612.8,-614.4,76.8,20867,105,2.5612946
65,6,0,1689.6001,-614.4,76.8,20608,332,4.0032315
65,7,0,1766.4001,-614.4,76.8,20478,0,1.273347
65,0,1,1228.8,-537.60004,76.8,0,0,0
65,1,1,1305.6001,-537.60004,76.8,0,0,0
65,2,1,1382.4,-537.60004,76.8,12520,111,3.6233888
65,3,1,1459.2001,-537.60004,76.8,20224,332,2.9381998
65,4,1,1536,-537.60004,76.8,19974,54,2.1582434
65,5,1,1612.8,-537.60004,76.8,20474,85,3.0269704
65,6,1,1689.6001,-537.60004,76.8,20224,6,2.04851
65,7,1,1766.4001,-537.60004,76.8,20099,89,2.680915
65,0,2,1228.8,-460.80002,76.8,0,0,0
65,1,2,1305.6001,-460.80002,76.8,637,0,0.9513838
65,2,2,1382.4,-460.80002,76.8,16006,0,1.799787
65,3,2,1459.2001,-460.80002,76.8,20480,2162,5.6153445
65,4,2,1536,-460.80002,76.8,20224,1315,6.6807094
65,5,2,1612.8,-460.80002,76.8,20736,420,3.3292603
65,6,2,1689.6001,-460.80002,76.8,20480,432,4.2501326
65,7,2,1766.4001,-460.80002,76.8,20352,494,3.7868035
65,0,3,1228.8,-384,76.8,11990,4876,18.157227
65,1,3,1305.6001,-384,76.8,17119,3449,9.021095
65,2,3,1382.4,-384,76.8,20480,2861,5.987277
65,3,3,1459.2001,-384,76.8,20480,358,3.7351892
65,4,3,1536,-384,76.8,20224,1258,4.2371087
65,5,3,1612.8,-384,76.8,20736,6,2.0275996
65,6,3,1689.6001,-384,76.8,20480,670,4.0106707
65,7,3,1766.4001,-384,76.8,20352,387,3.2186835
65,0,4,1228.8,-307.2,76.8,20608,6091,17.532228
65,1,4,1305.6001,-307.2,76.8,20480,8293,12.680671
65,2,4,1382.4,-307.2,76.8,20480,2881,9.306309
65,3,4,1459.2001,-307.2,76.8,20480,2547,5.7307463
65,4,4,1536,-307.2,76.8,20224,1949,5.852387
65,5,4,1612.8,-307.2,76.8,20736,284,3.137972
65,6,4,1689.6001,-307.2,76.8,20480,412,4.9376144
65,7,4,1766.4001,-307.2,76.8,20352,203,2.4205818
65,0,5,1228.8,-230.40002,76.8,20608,1806,7.3697505
65,1,5,1305.6001,-230.40002,76.8,20480,4803,9.183146
65,2,5,1382.4,-230.40002,76.8,20480,673,4.3426957
65,3,5,1459.2001,-230.40002,76.8,20480,286,3.2810187
65,4,5,1536,-230.40002,76.8,20224,53,2.376293
65,5,5,1612.8,-230.40002,76.8,20736,24,2.314811
65,6,5,1689.6001,-230.40002,76.8,20480,208,4.141573
65,7,5,1766.4001,-230.40002,76.8,20352,322,3.9093301
65,0,6,1228.8,-153.6,76.8,20608,1704,8.255769
65,1,6,1305.6001,-153.6,76.8,20480,264,2.586052
65,2,6,1382.4,-153.6,76.8,20480,81,2.3792374
65,3,6,1459.2001,-153.6,76.8,20480,204,3.4765341
65,4,6,1536,-153.6,76.8,20224,255,3.319871
65,5,6,1612.8,-153.6,76.8,20736,0,1.6248842
65,6,6,1689.6001,-153.6,76.8,20480,19,2.1058536
65,7,6,1766.4001,-153.6,76.8,20352,640,3.4811277
65,0,7,1228.8,-76.79999,76.8,20737,0,1.821159
65,1,7,1305.6001,-76.79999,76.8,20608,0,1.4563093
65,2,7,1382.4,-76.79999,76.8,20608,33,2.388548
65,3,7,1459.2001,-76.79999,76.8,20608,562,3.819119
65,4,7,1536,-76.79999,76.8,20349,373,3.5120752
65,5,7,1612.8,-76.79999,76.8,20867,308,3.978725
65,6,7,1689.6001,-76.79999,76.8,20608,642,5.479334
65,7,7,1766.4001,-76.79999,76.8,20479,0,1.531544
129,0,0,1228.8,-614.4,76.8,0,0,0
129,1,0,1305.6001,-614.4,76.8,480,0,0.11205672
129,2,0,1382.4,-614.4,76.8,19224,0,0.47047707
129,3,0,1459.2001,-614.4,76.8,20608,0,1.5292279
129,4,0,1536,-614.4,76.8,20349,0,1.6669312
129,5,0,1612.8,-614.4,76.8,20867,0,1.1419328
129,6,0,1689.6001,-614.4,76.8,20608,0,1.3477944
129,7,0,1766.4001,-614.4,76.8,20478,0,0.5591122
129,0,1,1228.8,-537.60004,76.8,0,0,0
129,1,1,1305.6001,-537.60004,76.8,0,0,0
129,2,1,1382.4,-537.60004,76.8,12471,0,1.4557701
129,3,1,1459.2001,-537.60004,76.8,20224,0,1.4902464
129,4,1,1536,-537.60004,76.8,19974,0,1.2396548
129,5,1,1612.8,-537.60004,76.8,20474,0,1.1137311
129,6,1,1689.6001,-537.60004,76.8,20224,0,0.8741452
129,7,1,1766.4001,-537.60004,76.8,20099,0,1.2927945
129,0,2,1228.8,-460.80002,76.8,0,0,0
129,1,2,1305.6001,-460.80002,76.8,637,0,0.39956138
129,2,2,1382.4,-460.80002,76.8,15928,0,0.85094345
129,3,2,1459.2001,-460.80002,76.8,20480,37,2.7116635
129,4,2,1536,-460.80002,76.8,20224,44,2.802362
129,5,2,1612.8,-460.80002,76.8,20736,0,1.0034218
129,6,2,1689.6001,-460.80002,76.8,20480,0,1.2725635
129,7,2,1766.4001,-460.80002,76.8,20352,20,2.461849
129,0,3,1228.8,-384,76.8,11662,982,8.146811
129,1,3,1305.6001,-384,76.8,17066,238,3.3972518
129,2,3,1382.4,-384,76.8,20480,35,3.3835804
129,3,3,1459.2001,-384,76.8,20480,0,1.5028571
129,4,3,1536,-384,76.8,20224,0,1.5191559
129,5,3,1612.8,-384,76.8,20736,0,0.8396336
129,6,3,1689.6001,-384,76.8,20480,0,1.6099899
129,7,3,1766.4001,-384,76.8,20352,0,1.6704756
129,0,4,1228.8,-307.2,76.8,20608,1093,7.995295
129,1,4,1305.6001,-307.2,76.8,20480,889,4.1305647
129,2,4,1382.4,-307.2,76.8,20480,173,3.158434
129,3,4,1459.2001,-307.2,76.8,20480,13,2.3010008
129,4,4,1536,-307.2,76.8,20224,68,2.9310958
129,5,4,1612.8,-307.2,76.8,20736,0,1.6018674
129,6,4,1689.6001,-307.2,76.8,20480,6,2.0769029
129,7,4,1766.4001,-307.2,76.8,20352,0,1.1304591
129,0,5,1228.8,-230.40002,76.8,20608,232,3.6932175
129,1,5,1305.6001,-230.40002,76.8,20480,229,3.2597852
129,2,5,1382.4,-230.40002,76.8,20480,0,1.3766886
129,3,5,1459.2001,-230.40002,76.8,20480,0,0.93439955
129,4,5,1536,-230.40002,76.8,20224,0,1.6279744
129,5,5,1612.8,-230.40002,76.8,20736,0,0.9881931
129,6,5,1689.6001,-230.40002,76.8,20480,0,1.5740737
129,7,5,1766.4001,-230.40002,76.8,20352,0,1.0861403
129,0,6,1228.8,-153.6,76.8,20608,183,4.1026626
129,1,6,1305.6001,-153.6,76.8,20480,0,0.8731382
129,2,6,1382.4,-153.6,76.8,20480,0,1.3017483
129,3,6,1459.2001,-153.6,76.8,20480,0,1.6738003
129,4,6,1536,-153.6,76.8,20224,0,1.5962679
129,5,6,1612.8,-153.6,76.8,20736,0,0.86195725
129,6,6,1689.6001,-153.6,76.8,20480,0,0.6239814
129,7,6,1766.4001,-153.6,76.8,20352,0,1.5662786
129,0,7,1228.8,-76.79999,76.8,20737,0,1.2556137
129,1,7,1305.6001,-76.79999,76.8,20608,0,0.641712
129,2,7,1382.4,-76.79999,76.8,20608,0,0.7787316
129,3,7,1459.2001,-76.79999,76.8,20608,0,1.6430602
129,4,7,1536,-76.79999,76.8,20349,0,1.6561908
129,5,7,1612.8,-76.79999,76.8,20867,0,1.8024279
129,6,7,1689.6001,-76.79999,76.8,20608,12,2.322434
129,7,7,1766.4001,-76.79999,76.8,20479,0,0.6035174
257,0,0,1228.8,-614.4,76.8,0,0,0
257,1,0,1305.6001,-614.4,76.8,480,0,0.03474408
257,2,0,1382.4,-614.4,76.8,19215,0,0.19086057
257,3,0,1459.2001,-614.4,76.8,20608,0,0.65196896
257,4,0,1536,-614.4,76.8,20349,0,0.4712912
257,5,0,1612.8,-614.4,76.8,20867,0,0.40149385
257,6,0,1689.6001,-614.4,76.8,20608,0,0.46889615
257,7,0,1766.4001,-614.4,76.8,20478,0,0.21992062
257,0,1,1228.8,-537.60004,76.8,0,0,0
257,1,1,1305.6001,-537.60004,76.8,0,0,0
257,2,1,1382.4,-537.60004,76.8,12447,0,0.45148745
257,3,1,1459.2001,-537.60004,76.8,20224,0,0.50610197
257,4,1,1536,-537.60004,76.8,19974,0,0.48243546
257,5,1,1612.8,-537.60004,76.8,20474,0,0.3448562
257,6,1,1689.6001,-537.60004,76.8,20224,0,0.288607
257,7,1,1766.4001,-537.60004,76.8,20099,0,0.464503
257,0,2,1228.8,-460.80002,76.8,0,0,0
257,1,2,1305.6001,-460.80002,76.8,637,0,0.12967795
257,2,2,1382.4,-460.80002,76.8,15916,0,0.3251587
257,3,2,1459.2001,-460.80002,76.8,20480,0,1.0595912
257,4,2,1536,-460.80002,76.8,20224,0,1.0266504
257,5,2,1612.8,-460.80002,76.8,20736,0,0.45311907
257,6,2,1689.6001,-460.80002,76.8,20480,0,0.523038
257,7,2,1766.4001,-460.80002,76.8,20352,0,0.9255734
257,0,3,1228.8,-384,76.8,11547,28,2.3081331
257,1,3,1305.6001,-384,76.8,17055,0,1.3015862
257,2,3,1382.4,-384,76.8,20480,0,1.0645077
257,3,3,1459.2001,-384,76.8,20480,0,0.4574976
257,4,3,1536,-384,76.8,20224,0,0.51222706
257,5,3,1612.8,-384,76.8,20736,0,0.2860437
257,6,3,1689.6001,-384,76.8,20480,0,0.45614398
257,7,3,1766.4001,-384,76.8,20352,0,0.51664984
257,0,4,1228.8,-307.2,76.8,20608,14,2.4745984
257,1,4,1305.6001,-307.2,76.8,20480,0,1.4526728
257,2,4,1382.4,-307.2,76.8,20480,0,0.98290384
257,3,4,1459.2001,-307.2,76.8,20480,0,0.87377536
257,4,4,1536,-307.2,76.8,20224,0,1.1902162
257,5,4,1612.8,-307.2,76.8,20736,0,0.51960236
257,6,4,1689.6001,-307.2,76.8,20480,0,0.6428684
257,7,4,1766.4001,-307.2,76.8,20352,0,0.51731175
257,0,5,1228.8,-230.40002,76.8,20608,0,1.3475108
257,1,5,1305.6001,-230.40002,76.8,20480,0,0.96935695
257,2,5,1382.4,-230.40002,76.8,20480,0,0.59279865
257,3,5,1459.2001,-230.40002,76.8,20480,0,0.324357
257,4,5,1536,-230.40002,76.8,20224,0,0.68415874
257,5,5,1612.8,-230.40002,76.8,20736,0,0.4097439
257,6,5,1689.6001,-230.40002,76.8,20480,0,0.5109717
257,7,5,1766.4001,-230.40002,76.8,20352,0,0.31134456
257,0,6,1228.8,-153.6,76.8,20608,0,1.4205753
257,1,6,1305.6001,-153.6,76.8,20480,0,0.33449575
257,2,6,1382.4,-153.6,76.8,20480,0,0.4665271
257,3,6,1459.2001,-153.6,76.8,20480,0,0.5454554
257,4,6,1536,-153.6,76.8,20224,0,0.49161234
257,5,6,1612.8,-153.6,76.8,20736,0,0.3188476
257,6,6,1689.6001,-153.6,76.8,20480,0,0.2711339
257,7,6,1766.4001,-153.6,76.8,20352,0,0.58548564
257,0,7,1228.8,-76.79999,76.8,20737,0,0.3817561
257,1,7,1305.6001,-76.79999,76.8,20608,0,0.2168864
257,2,7,1382.4,-76.79999,76.8,20608,0,0.29913178
257,3,7,1459.2001,-76.79999,76.8,20608,0,0.5365049
257,4,7,1536,-76.79999,76.8,20349,0,0.4929588
257,5,7,1612.8,-76.79999,76.8,20867,0,0.6536006
257,6,7,1689.6001,-76.79999,76.8,20608,0,0.7072162
257,7,7,1766.4001,-76.79999,76.8,20479,0,0.18187201
