"summary","stage","count","avg_ms","max_ms","total_ms"
"1","main completed-request processing","1","1.299","1.299","1.299"
"2","far mesh build","40","11.186","106.031","447.452"
"2","far terrain total","40","17.145","231.803","685.819"
"2","main far mesh create","40","0.068","0.577","2.7"
"2","main completed-request processing","385","0.286","18.193","110.009"
"3","far mesh build","52","81.127","391.988","4218.62"
"3","far terrain total","52","88.725","400.616","4613.695"
"3","main far mesh create","52","0.309","1.188","16.078"
"3","main completed-request processing","52","0.41","1.268","21.297"
"4","far mesh build","75","60.547","375.9","4541.032"
"4","far terrain total","75","67.503","383.629","5062.757"
"4","main far mesh create","75","0.255","1.071","19.14"
"4","main completed-request processing","75","0.348","1.431","26.104"
"5","far mesh build","52","88.405","427.141","4597.071"
"5","far terrain total","52","95.453","434.416","4963.544"
"5","main far mesh create","52","0.375","1.309","19.523"
"5","main completed-request processing","52","0.464","1.444","24.143"
"6","far mesh build","140","29.785","295.744","4169.87"
"6","far terrain total","140","29.785","295.745","4169.945"
"6","main far mesh create","140","0.177","0.897","24.805"
"6","main completed-request processing","140","0.182","0.904","25.498"
"7","far mesh build","155","28.617","228.303","4435.653"
"7","far terrain total","155","28.618","228.304","4435.735"
"7","main far mesh create","155","0.168","1.127","26.024"
"7","main completed-request processing","155","0.174","1.136","26.968"
"8","far mesh build","217","15.805","170.118","3429.606"
"8","far terrain total","217","15.979","170.118","3467.409"
"8","main far mesh create","217","0.127","0.835","27.559"
"8","main completed-request processing","305","0.164","7.646","50.152"
"9","far mesh build","114","16.906","161.385","1927.28"
"9","far terrain total","114","16.906","161.386","1927.34"
"9","main far mesh create","114","0.137","0.697","15.645"
"9","main completed-request processing","126","0.132","0.703","16.663"
"10","far mesh build","57","48.887","228.684","2786.583"
"10","far terrain total","57","48.888","228.684","2786.615"
"10","main far mesh create","57","0.3","0.747","17.098"
"10","main completed-request processing","57","0.306","0.752","17.432"
"16","far mesh build","37","12.606","177.693","466.409"
"16","far terrain total","36","13.312","190.131","479.228"
"16","main far mesh create","36","0.048","0.461","1.714"
"16","main completed-request processing","412","0.14","5.69","57.871"
"17","far mesh build","80","50.263","367.677","4021.062"
"17","far terrain total","81","57.582","375.618","4664.106"
"17","main far mesh create","81","0.19","0.887","15.384"
"17","main completed-request processing","122","0.318","7.867","38.743"
"18","far mesh build","121","32.121","243.214","3886.671"
"18","far terrain total","121","36.03","250.636","4359.608"
"18","main far mesh create","120","0.133","0.997","15.953"
"18","main completed-request processing","159","0.208","1.374","33.114"
"19","far mesh build","76","53.004","231.788","4028.312"
"19","far terrain total","76","58.149","240.805","4419.313"
"19","main far mesh create","77","0.21","1.018","16.139"
"19","main completed-request processing","107","0.264","1.395","28.2"
"20","far mesh build","141","25.102","255.548","3539.421"
"20","far terrain total","141","28.541","262.699","4024.263"
"20","main far mesh create","141","0.118","0.858","16.643"
"20","main completed-request processing","197","0.193","1.554","38.113"
"21","far mesh build","108","36.238","359.876","3913.706"
"21","far terrain total","108","40.933","368.279","4420.776"
"21","main far mesh create","108","0.153","0.843","16.497"
"21","main completed-request processing","135","0.217","1.519","29.316"
"22","far mesh build","145","26.811","358.762","3887.537"
"22","far terrain total","145","27.36","358.763","3967.229"
"22","main far mesh create","145","0.147","0.775","21.301"
"22","main completed-request processing","171","0.165","1.16","28.132"
"23","far mesh build","195","18.664","286.369","3639.568"
"23","far terrain total","195","18.833","286.37","3672.414"
"23","main far mesh create","195","0.124","0.785","24.116"
"23","main completed-request processing","227","0.138","0.95","31.324"
"24","far mesh build","208","17.129","184.949","3562.759"
"24","far terrain total","208","17.285","184.949","3595.346"
"24","main far mesh create","208","0.129","0.902","26.783"
"24","main completed-request processing","238","0.14","1.022","33.269"
"25","far mesh build","271","11.074","219.244","3001.082"
"25","far terrain total","271","11.364","219.245","3079.649"
"25","main far mesh create","271","0.099","0.836","26.909"
"25","main completed-request processing","302","0.122","1.337","36.98"
"26","far mesh build","209","14.755","93.964","3083.835"
"26","far terrain total","209","14.827","93.964","3098.801"
"26","main far mesh create","209","0.132","0.992","27.679"
"26","main completed-request processing","244","0.138","0.998","33.574"
"27","far mesh build","169","16.943","134.033","2863.406"
"27","far terrain total","169","17.387","134.033","2938.341"
"27","main far mesh create","169","0.149","0.914","25.147"
"27","main completed-request processing","199","0.156","0.92","31.055"
"28","far mesh build","227","15.267","109.493","3465.642"
"28","far terrain total","227","15.33","109.494","3479.92"
"28","main far mesh create","226","0.139","0.635","31.408"
"28","main completed-request processing","253","0.148","1.117","37.369"
"29","far mesh build","187","16.632","143.005","3110.19"
"29","far terrain total","187","16.633","143.006","3110.293"
"29","main far mesh create","188","0.132","0.904","24.84"
"29","main completed-request processing","188","0.137","0.91","25.752"
"30","far mesh build","255","13.159","152.039","3355.515"
"30","far terrain total","255","14.068","152.04","3587.213"
"30","main far mesh create","254","0.117","0.862","29.739"
"30","main completed-request processing","281","0.143","0.867","40.096"
"31","far mesh build","257","10.355","81.812","2661.21"
"31","far terrain total","257","10.412","81.813","2675.957"
"31","main far mesh create","258","0.097","0.811","25.007"
"31","main completed-request processing","287","0.108","0.896","31.051"
"32","far mesh build","166","22.852","285.707","3793.37"
"32","far terrain total","166","22.852","285.708","3793.46"
"32","main far mesh create","166","0.159","1.068","26.463"
"32","main completed-request processing","166","0.165","1.074","27.39"
"33","far mesh build","242","13.229","183.573","3201.333"
"33","far terrain total","242","13.604","183.574","3292.088"
"33","main far mesh create","242","0.113","0.969","27.243"
"33","main completed-request processing","287","0.136","1.344","39.134"
"34","far mesh build","236","12.121","238.419","2860.469"
"34","far terrain total","236","12.192","238.42","2877.404"
"34","main far mesh create","236","0.099","0.929","23.421"
"34","main completed-request processing","266","0.11","0.935","29.265"
"35","far mesh build","301","2.545","71.239","766.162"
"35","far terrain total","301","2.884","71.239","868.018"
"35","main far mesh create","300","0.029","0.403","8.721"
"35","main completed-request processing","328","0.057","0.888","18.64"
"36","far mesh build","236","6.679","134.346","1576.172"
"36","far terrain total","236","6.743","134.346","1591.424"
"36","main far mesh create","237","0.061","0.944","14.488"
"36","main completed-request processing","261","0.077","0.95","20.086"
"37","far mesh build","315","6.123","79.15","1928.679"
"37","far terrain total","315","6.123","79.151","1928.836"
"37","main far mesh create","315","0.065","0.723","20.459"
"37","main completed-request processing","315","0.069","0.729","21.878"
"39","far mesh build","52","13.675","230.984","711.113"
"39","far terrain total","52","13.676","230.985","711.141"
"39","main far mesh create","52","0.088","0.77","4.595"
"39","main completed-request processing","52","0.093","0.777","4.855"
"40","far mesh build","252","14.19","166.883","3575.923"
"40","far terrain total","252","14.191","166.884","3576.053"
"40","main far mesh create","252","0.128","0.754","32.35"
"40","main completed-request processing","252","0.133","0.76","33.532"
"41","far mesh build","118","11.922","156.266","1406.849"
"41","far terrain total","118","11.923","156.267","1406.909"
"41","main far mesh create","118","0.099","0.67","11.679"
"41","main completed-request processing","118","0.104","0.676","12.221"
